username,first_name,last_name,email,password
ijepp0,Inglis,Jepp,ijepp0@elegantthemes.com,"yG2,_@x,r""u{"
ashelton1,Abe,Shelton,ashelton1@weebly.com,cI7$58u~
jshanks2,Justino,Shanks,jshanks2@ycombinator.com,oY8<2sO\
dcoucher3,Damita,Coucher,dcoucher3@dmoz.org,fN1.By4bttzQ
wglencrosche4,Weber,Glencrosche,wglencrosche4@bigcartel.com,kW7./\d/}alyX
breding5,Bella,Reding,breding5@gmpg.org,jW8%`PNk
tspringate6,Torre,Springate,tspringate6@google.es,vU8{Y?gJy+
astolle7,Alameda,Stolle,astolle7@cornell.edu,bC4=!QYxY2
ithemann8,Isadore,Themann,ithemann8@blog.com,nV3'8K`7U6
sgehrts9,Sarine,Gehrts,sgehrts9@salon.com,vD6=06)XT
bbarkshirea,Beverie,Barkshire,bbarkshirea@t.co,pV0{s!14
kdunfordb,Kati,Dunford,kdunfordb@salon.com,"rX8>Y?9""gdCay"
gcreechc,Guthrey,Creech,gcreechc@army.mil,iV0#iWd7&aO(
jrollind,Joycelin,Rollin,jrollind@artisteer.com,rZ6>lj?2a8
pantose,Paolo,Antos,pantose@pcworld.com,"jW5,7P)Ja=""(}syY"
msimonazzif,Marcie,Simonazzi,msimonazzif@printfriendly.com,"nN6'U""1NzBQ3Vb5Y"
gjennrichg,Gilberto,Jennrich,gjennrichg@nifty.com,aK4.SOJMlLVm&y
cbrunelleschih,Carmelle,Brunelleschi,cbrunelleschih@51.la,qQ1#=)3QDY'
mcolneti,Mildrid,Colnet,mcolneti@deviantart.com,hJ0`iD4Fl
irussij,Ivett,Russi,irussij@hc360.com,uB9%tVWRDg\
aguntonk,Antonino,Gunton,aguntonk@bravesites.com,"uJ2,R+19kpA"
lwoodl,Lloyd,Wood,lwoodl@earthlink.net,gV9@q}AtR*5ROv{
lbedburym,Levon,Bedbury,lbedburym@wikia.com,pU8?AvY\
jberanekn,Jordon,Beranek,jberanekn@printfriendly.com,pB7><DD5>A
aivanonkoo,Aliza,Ivanonko,aivanonkoo@sfgate.com,jD4~w{GoL
phenfrep,Perice,Henfre,phenfrep@slashdot.org,uE2+.+uw
aohartaganq,Alejoa,O'Hartagan,aohartaganq@mail.ru,hW0`0Qx?IL#V+
tsomersettr,Tyson,Somersett,tsomersettr@abc.net.au,tI1%vBG6ufiN7&Zt
qrotters,Quint,Rotter,qrotters@delicious.com,iF4*gF2Z%c<
oestabrookt,Olenka,Estabrook,oestabrookt@goo.ne.jp,jW4%v6/V
gbaggelleyu,Glendon,Baggelley,gbaggelleyu@businessinsider.com,zC6}R8NpceHcIF
mmcilveenv,Maure,McIlveen,mmcilveenv@clickbank.net,vL0/k_t4y
eshwennw,Enos,Shwenn,eshwennw@economist.com,"dX4"",r(Lx6AnT"
pandreux,Pryce,Andreu,pandreux@360.cn,fW7#eVZLjn|
rmerryy,Reinald,Merry,rmerryy@networkadvertising.org,dK5{f%5<E
emerillz,Ealasaid,Merill,emerillz@gizmodo.com,"hK3\0>C$,Z"
obatson10,Octavia,Batson,obatson10@marketwatch.com,"lR2)'LjNvx|g,|"
psankey11,Prentice,Sankey,psankey11@telegraph.co.uk,dS1%UqRzqj
idecruse12,Isacco,Decruse,idecruse12@ebay.co.uk,eW7'}3~e
apopworth13,Alexa,Popworth,apopworth13@technorati.com,"rT1_9i)V<DakA%,E"
jassante14,Josy,Assante,jassante14@mac.com,"uO1.d&+SO,2F(P*"
mpovah15,Minta,Povah,mpovah15@blog.com,bX7|v'Gtj8??B1
grepper16,Gabbi,Repper,grepper16@statcounter.com,"nG6,!""hYj"
cscranney17,Charley,Scranney,cscranney17@weibo.com,sO9*h)SQ1'
mpablos18,Marylinda,Pablos,mpablos18@mac.com,zJ2>p#9DW|'~}m$
shewlings19,Sherri,Hewlings,shewlings19@dagondesign.com,"iR7,DbUk"
rgrancher1a,Royce,Grancher,rgrancher1a@ucoz.com,"oO1+""9w9Sv"
nrotherforth1b,Niven,Rotherforth,nrotherforth1b@globo.com,kZ1<g5)V0
vmcasparan1c,Valina,Mcasparan,vmcasparan1c@reddit.com,bQ2`dS)v*Ga(h
adancey1d,Auroora,Dancey,adancey1d@reverbnation.com,sZ0*&O$A
